id,ImpressionID,User,CandidateNews,ClickedNews
0,62,786,"[6, 3, 9]","[2, 5, 10]"
1,10,196,"[4, 1, 7]","[8, 5, 11]"
2,9,755,"[4, 8, 10]","[9, 1, 10]"
3,79,41,"[11, 10, 7]","[7, 11, 4]"
4,54,331,"[11, 1, 3]","[8, 6, 7]"
5,46,897,"[1, 10, 8]","[10, 2, 1]"
6,67,454,"[2, 11, 3]","[10, 11, 1]"
7,84,779,"[1, 8, 5]","[7, 3, 8]"
8,9,769,"[8, 5, 10]","[2, 10, 5]"
9,48,311,"[4, 9, 5]","[3, 7, 6]"
10,77,775,"[10, 6, 4]","[1, 5, 8]"
11,97,267,"[5, 3, 8]","[8, 11, 10]"
12,21,527,"[9, 10, 10]","[8, 11, 9]"
13,24,277,"[8, 10, 11]","[1, 3, 4]"
14,18,523,"[5, 1, 9]","[4, 6, 11]"
15,74,951,"[2, 6, 5]","[6, 7, 1]"
16,63,237,"[5, 3, 10]","[8, 4, 1]"
17,61,808,"[1, 6, 8]","[7, 6, 7]"
18,79,659,"[10, 1, 1]","[4, 7, 3]"
19,43,9,"[10, 7, 3]","[8, 8, 3]"
20,28,619,"[8, 1, 3]","[8, 4, 10]"
21,89,939,"[10, 7, 9]","[8, 2, 5]"
22,39,948,"[1, 8, 1]","[11, 11, 9]"
23,97,177,"[3, 4, 4]","[7, 5, 9]"
24,23,781,"[8, 6, 10]","[9, 6, 1]"
25,36,350,"[2, 10, 8]","[4, 6, 6]"
26,61,711,"[10, 3, 3]","[7, 3, 7]"
27,11,153,"[6, 2, 2]","[3, 9, 4]"
28,4,384,"[4, 5, 5]","[1, 5, 2]"
29,29,614,"[10, 10, 7]","[4, 11, 5]"
30,67,153,"[3, 11, 11]","[5, 5, 7]"
31,35,117,"[6, 11, 8]","[6, 4, 5]"
32,98,918,"[2, 4, 4]","[9, 2, 1]"
33,55,951,"[1, 1, 5]","[1, 7, 6]"
34,89,413,"[10, 2, 3]","[6, 10, 2]"
35,48,264,"[7, 1, 7]","[8, 6, 6]"
36,39,719,"[8, 10, 2]","[5, 7, 10]"
37,76,707,"[8, 10, 2]","[3, 7, 5]"
38,91,639,"[4, 6, 1]","[10, 7, 4]"
39,48,698,"[9, 3, 7]","[11, 8, 9]"
40,82,863,"[3, 6, 6]","[3, 11, 11]"
41,70,975,"[3, 5, 6]","[2, 1, 1]"
42,75,361,"[3, 5, 1]","[3, 7, 6]"
43,53,560,"[1, 1, 6]","[11, 5, 8]"
44,65,131,"[8, 7, 7]","[10, 3, 6]"
45,15,959,"[7, 2, 2]","[7, 8, 6]"
46,10,616,"[6, 7, 10]","[6, 5, 4]"
47,7,225,"[6, 2, 5]","[4, 11, 5]"
48,57,694,"[7, 9, 9]","[2, 4, 8]"
49,24,535,"[9, 3, 2]","[1, 5, 1]"
50,29,123,"[8, 7, 4]","[2, 10, 4]"
51,93,999,"[1, 5, 11]","[8, 1, 3]"
52,78,333,"[10, 1, 3]","[9, 5, 1]"
53,35,476,"[4, 1, 7]","[8, 5, 9]"
54,12,489,"[9, 11, 8]","[7, 7, 8]"
55,68,992,"[7, 2, 2]","[1, 11, 6]"
56,7,295,"[5, 9, 9]","[10, 6, 6]"
57,87,389,"[9, 7, 1]","[10, 4, 7]"
58,49,467,"[10, 8, 8]","[11, 5, 8]"
59,1,253,"[10, 7, 7]","[2, 9, 10]"
60,98,76,"[11, 1, 1]","[4, 1, 5]"
61,39,119,"[1, 3, 3]","[11, 8, 9]"
62,9,207,"[7, 6, 1]","[5, 7, 4]"
63,4,131,"[11, 8, 4]","[10, 8, 11]"
64,89,35,"[11, 8, 1]","[2, 10, 5]"
65,49,471,"[5, 11, 6]","[3, 1, 2]"
66,89,316,"[7, 1, 9]","[3, 6, 1]"
67,50,146,"[6, 1, 10]","[2, 3, 1]"
68,48,890,"[4, 11, 5]","[2, 7, 1]"
69,28,375,"[7, 5, 9]","[7, 8, 10]"
70,9,692,"[9, 1, 1]","[3, 4, 9]"
71,99,883,"[3, 3, 8]","[3, 5, 3]"
72,94,354,"[11, 7, 5]","[7, 8, 3]"
73,71,398,"[7, 1, 7]","[5, 2, 10]"
74,69,393,"[7, 6, 2]","[5, 3, 6]"
75,20,45,"[10, 2, 11]","[6, 7, 7]"
76,21,424,"[3, 11, 1]","[3, 4, 7]"
77,11,392,"[5, 11, 9]","[5, 4, 11]"
78,34,466,"[5, 6, 5]","[4, 10, 5]"
79,36,695,"[3, 9, 3]","[11, 1, 8]"
80,80,907,"[10, 9, 7]","[6, 11, 5]"
81,4,255,"[3, 11, 6]","[7, 6, 3]"
82,42,834,"[11, 8, 4]","[1, 2, 4]"
83,44,802,"[11, 2, 3]","[6, 1, 7]"
84,1,591,"[1, 6, 6]","[4, 10, 8]"
85,16,192,"[1, 1, 1]","[8, 6, 11]"
86,21,537,"[3, 6, 11]","[2, 5, 7]"
87,48,367,"[3, 6, 6]","[6, 8, 3]"
88,29,194,"[6, 6, 7]","[9, 6, 7]"
89,69,363,"[6, 6, 4]","[9, 4, 10]"
90,5,749,"[4, 11, 9]","[4, 5, 11]"
91,51,495,"[6, 3, 5]","[2, 1, 10]"
92,20,704,"[2, 5, 11]","[1, 5, 8]"
93,64,548,"[1, 7, 10]","[6, 10, 9]"
94,100,125,"[5, 9, 9]","[7, 9, 9]"
95,4,487,"[6, 11, 4]","[8, 10, 7]"
96,90,997,"[6, 3, 11]","[7, 3, 7]"
97,65,923,"[9, 10, 7]","[2, 8, 7]"
98,12,190,"[3, 10, 4]","[9, 9, 3]"
99,3,796,"[5, 6, 2]","[8, 7, 7]"
100,92,973,"[7, 3, 7]","[7, 4, 4]"
101,10,80,"[7, 11, 10]","[1, 5, 8]"
102,63,997,"[6, 6, 7]","[6, 11, 11]"
103,27,221,"[4, 3, 5]","[3, 2, 3]"
104,96,610,"[2, 4, 2]","[10, 10, 6]"
105,88,599,"[5, 6, 3]","[5, 3, 3]"
106,15,234,"[1, 5, 8]","[11, 11, 4]"
107,90,572,"[2, 2, 1]","[8, 1, 7]"
108,6,667,"[11, 1, 2]","[11, 3, 10]"
109,92,16,"[8, 7, 9]","[6, 7, 7]"
110,49,945,"[4, 5, 6]","[3, 3, 3]"
111,12,699,"[3, 2, 3]","[4, 9, 9]"
112,15,988,"[2, 2, 7]","[9, 4, 2]"
113,92,273,"[2, 3, 4]","[6, 4, 5]"
114,32,204,"[5, 1, 1]","[8, 5, 8]"
115,3,419,"[4, 11, 1]","[6, 3, 10]"
116,51,363,"[7, 6, 9]","[10, 7, 4]"
117,80,922,"[2, 1, 6]","[10, 10, 1]"
118,18,186,"[2, 6, 11]","[4, 9, 2]"
119,75,501,"[9, 11, 3]","[7, 2, 7]"
120,2,946,"[11, 8, 8]","[4, 8, 3]"
121,36,484,"[10, 5, 6]","[4, 3, 4]"
122,95,848,"[5, 9, 10]","[4, 1, 10]"
123,69,994,"[1, 3, 3]","[8, 7, 5]"
124,33,986,"[3, 5, 8]","[3, 11, 4]"
125,49,171,"[10, 10, 5]","[4, 5, 5]"
126,95,447,"[4, 5, 1]","[4, 2, 9]"
127,40,364,"[5, 11, 3]","[5, 6, 10]"
128,57,330,"[8, 8, 9]","[8, 11, 10]"
129,71,103,"[1, 9, 1]","[11, 10, 1]"
130,31,364,"[4, 1, 1]","[4, 6, 1]"
131,44,551,"[5, 4, 2]","[9, 4, 2]"
132,37,449,"[11, 4, 2]","[10, 11, 2]"
133,91,899,"[10, 8, 1]","[4, 3, 4]"
134,84,339,"[7, 1, 6]","[10, 11, 6]"
135,89,803,"[4, 7, 4]","[1, 3, 11]"
136,18,535,"[10, 1, 3]","[2, 1, 3]"
137,19,268,"[11, 2, 2]","[8, 9, 1]"
138,35,994,"[9, 5, 1]","[4, 9, 6]"
139,49,328,"[4, 3, 8]","[8, 3, 10]"
140,53,378,"[11, 8, 2]","[7, 7, 3]"
141,60,577,"[6, 7, 9]","[3, 3, 8]"
142,4,850,"[1, 3, 9]","[8, 8, 7]"
143,22,831,"[2, 6, 3]","[3, 7, 1]"
144,60,316,"[2, 1, 5]","[10, 10, 7]"
145,87,246,"[4, 9, 7]","[4, 6, 4]"
146,90,433,"[1, 6, 7]","[2, 4, 2]"
147,58,905,"[3, 6, 9]","[4, 4, 3]"
148,89,968,"[7, 4, 3]","[3, 8, 3]"
149,23,890,"[8, 11, 11]","[2, 10, 1]"
150,80,25,"[11, 7, 3]","[7, 8, 2]"
151,1,969,"[8, 2, 9]","[5, 11, 9]"
152,33,427,"[3, 6, 8]","[3, 6, 11]"
153,69,441,"[11, 6, 7]","[3, 8, 4]"
154,11,251,"[10, 1, 3]","[4, 6, 11]"
155,6,451,"[5, 6, 9]","[7, 1, 6]"
156,58,690,"[7, 8, 3]","[7, 1, 7]"
157,42,247,"[5, 10, 9]","[7, 11, 6]"
158,77,459,"[6, 3, 5]","[11, 5, 8]"
159,50,464,"[3, 3, 9]","[3, 4, 1]"
160,6,590,"[6, 11, 10]","[5, 10, 5]"
161,100,347,"[8, 7, 1]","[11, 9, 9]"
162,82,507,"[6, 9, 1]","[2, 4, 3]"
163,78,30,"[5, 1, 2]","[3, 6, 1]"
164,87,158,"[6, 5, 8]","[2, 10, 4]"
165,89,989,"[5, 4, 4]","[8, 9, 10]"
166,50,252,"[9, 4, 6]","[1, 4, 9]"
167,78,429,"[1, 11, 9]","[9, 7, 4]"
168,83,741,"[2, 10, 8]","[9, 7, 11]"
169,76,951,"[11, 4, 10]","[7, 9, 3]"
170,97,751,"[6, 7, 4]","[7, 8, 10]"
171,8,376,"[3, 8, 4]","[10, 8, 11]"
172,67,921,"[6, 9, 8]","[7, 4, 7]"
173,23,947,"[7, 2, 1]","[5, 9, 9]"
174,6,52,"[4, 7, 4]","[8, 11, 1]"
175,59,228,"[11, 8, 4]","[5, 7, 11]"
176,28,760,"[3, 8, 2]","[2, 11, 1]"
177,31,604,"[9, 11, 11]","[8, 8, 11]"
178,32,574,"[5, 11, 1]","[11, 4, 8]"
179,56,154,"[2, 5, 8]","[2, 8, 8]"
180,76,814,"[11, 5, 1]","[2, 5, 5]"
181,51,373,"[2, 4, 3]","[4, 10, 7]"
182,67,830,"[8, 4, 2]","[8, 4, 2]"
183,37,446,"[5, 11, 10]","[2, 4, 1]"
184,78,171,"[11, 7, 10]","[5, 3, 11]"
185,36,671,"[7, 5, 10]","[10, 4, 2]"
186,36,205,"[8, 7, 5]","[1, 1, 2]"
187,7,117,"[4, 6, 5]","[5, 5, 8]"
188,11,602,"[11, 7, 8]","[3, 4, 2]"
189,96,760,"[9, 6, 2]","[8, 2, 6]"
190,45,933,"[6, 5, 4]","[9, 9, 9]"
191,32,442,"[11, 8, 9]","[1, 10, 4]"
192,34,424,"[5, 1, 1]","[10, 7, 7]"
193,23,876,"[3, 1, 11]","[1, 2, 7]"
194,71,589,"[1, 5, 1]","[6, 8, 2]"
195,24,794,"[7, 3, 4]","[8, 8, 6]"
196,95,434,"[2, 8, 10]","[11, 2, 5]"
197,44,757,"[9, 10, 2]","[7, 4, 7]"
198,28,474,"[3, 8, 8]","[9, 8, 10]"
199,19,812,"[7, 7, 8]","[5, 7, 8]"
200,37,145,"[11, 5, 11]","[6, 6, 8]"
201,98,547,"[10, 3, 5]","[3, 1, 9]"
202,44,101,"[11, 3, 11]","[1, 3, 11]"
203,95,770,"[4, 7, 6]","[4, 4, 7]"
204,58,99,"[9, 3, 7]","[8, 7, 7]"
205,74,296,"[9, 11, 9]","[8, 6, 8]"
206,35,157,"[9, 5, 7]","[3, 2, 11]"
207,80,840,"[10, 10, 11]","[4, 11, 5]"
208,67,286,"[11, 2, 9]","[8, 6, 8]"
209,70,7,"[5, 8, 11]","[3, 6, 5]"
210,84,952,"[9, 4, 6]","[5, 1, 9]"
211,61,622,"[11, 4, 7]","[5, 2, 9]"
212,32,654,"[1, 1, 5]","[8, 2, 5]"
213,48,856,"[7, 1, 2]","[10, 5, 3]"
214,24,884,"[8, 8, 4]","[9, 7, 5]"
215,94,921,"[5, 2, 9]","[2, 10, 1]"
216,34,798,"[1, 10, 4]","[10, 1, 7]"
217,7,539,"[9, 11, 11]","[7, 4, 1]"
218,23,698,"[9, 2, 5]","[10, 9, 11]"
219,77,19,"[7, 2, 11]","[9, 11, 3]"
220,90,753,"[2, 11, 11]","[3, 2, 9]"
221,42,842,"[5, 7, 11]","[10, 10, 9]"
222,83,398,"[1, 11, 1]","[9, 11, 8]"
223,4,955,"[1, 6, 8]","[5, 8, 9]"
224,36,239,"[4, 7, 10]","[4, 1, 6]"
225,38,985,"[11, 7, 11]","[5, 6, 2]"
226,35,885,"[3, 8, 4]","[6, 3, 8]"
227,39,781,"[10, 4, 1]","[3, 1, 4]"
228,76,762,"[11, 4, 5]","[3, 5, 8]"
229,72,235,"[2, 1, 8]","[8, 11, 3]"
230,22,410,"[1, 8, 3]","[8, 1, 6]"
231,75,598,"[6, 1, 8]","[1, 7, 9]"
232,99,129,"[11, 2, 8]","[2, 1, 3]"
233,50,828,"[5, 9, 7]","[9, 6, 2]"
234,52,300,"[6, 5, 1]","[5, 7, 10]"
235,28,459,"[1, 8, 11]","[9, 5, 7]"
236,75,505,"[6, 11, 4]","[7, 6, 2]"
237,81,45,"[9, 8, 5]","[4, 10, 8]"
238,44,204,"[10, 8, 6]","[8, 7, 1]"
239,98,261,"[8, 3, 8]","[6, 10, 1]"
240,36,695,"[5, 2, 1]","[4, 1, 2]"
241,66,684,"[11, 10, 3]","[7, 11, 1]"
242,84,34,"[8, 7, 11]","[2, 3, 9]"
243,7,771,"[1, 11, 3]","[2, 10, 7]"
244,24,700,"[7, 7, 3]","[7, 10, 5]"
245,80,523,"[4, 3, 11]","[5, 3, 8]"
246,82,441,"[11, 9, 6]","[9, 9, 4]"
247,14,367,"[2, 11, 10]","[5, 9, 5]"
248,36,656,"[5, 9, 4]","[10, 6, 10]"
249,26,585,"[3, 1, 9]","[11, 9, 3]"
250,67,650,"[1, 6, 8]","[7, 1, 5]"
251,62,892,"[10, 4, 10]","[10, 5, 10]"
252,97,381,"[1, 5, 4]","[5, 9, 8]"
253,57,958,"[8, 3, 4]","[5, 6, 3]"
254,97,487,"[9, 10, 4]","[11, 4, 2]"
255,99,262,"[8, 4, 5]","[1, 6, 3]"
256,48,181,"[3, 6, 8]","[5, 3, 2]"
257,15,980,"[2, 6, 11]","[5, 10, 11]"
258,83,320,"[9, 8, 8]","[7, 3, 5]"
259,93,879,"[8, 1, 3]","[9, 7, 6]"
260,47,442,"[7, 1, 5]","[7, 5, 1]"
261,83,194,"[4, 3, 1]","[1, 2, 9]"
262,7,219,"[6, 3, 1]","[6, 6, 9]"
263,22,734,"[11, 7, 5]","[4, 11, 4]"
264,84,332,"[3, 7, 11]","[8, 3, 6]"
265,82,749,"[8, 7, 5]","[5, 1, 2]"
266,57,836,"[10, 2, 5]","[5, 2, 10]"
267,32,117,"[4, 1, 2]","[2, 3, 10]"
268,46,487,"[5, 6, 6]","[7, 8, 10]"
269,18,113,"[6, 7, 7]","[3, 4, 3]"
270,19,399,"[9, 7, 9]","[4, 6, 6]"
271,10,755,"[10, 6, 11]","[2, 6, 7]"
272,14,566,"[4, 6, 6]","[8, 2, 9]"
273,18,276,"[10, 5, 4]","[8, 11, 1]"
274,61,798,"[2, 10, 7]","[10, 2, 5]"
275,11,73,"[5, 10, 2]","[5, 10, 6]"
276,78,691,"[3, 1, 10]","[9, 8, 5]"
277,51,653,"[2, 4, 3]","[6, 6, 11]"
278,57,491,"[6, 7, 5]","[1, 8, 3]"
279,85,845,"[6, 2, 4]","[2, 10, 6]"
280,11,800,"[8, 2, 9]","[3, 2, 1]"
281,42,976,"[7, 9, 5]","[2, 6, 7]"
282,33,368,"[2, 4, 5]","[10, 7, 9]"
283,10,561,"[2, 1, 11]","[9, 5, 11]"
284,93,626,"[1, 9, 6]","[9, 11, 8]"
285,49,920,"[8, 5, 7]","[2, 4, 7]"
286,55,667,"[2, 5, 7]","[11, 7, 3]"
287,62,171,"[9, 2, 10]","[2, 3, 1]"
288,14,948,"[1, 5, 1]","[5, 11, 11]"
289,29,678,"[11, 2, 4]","[9, 6, 7]"
290,46,317,"[4, 2, 9]","[6, 9, 5]"
291,29,329,"[11, 6, 9]","[8, 1, 7]"
292,16,699,"[7, 8, 3]","[9, 7, 3]"
293,49,701,"[1, 1, 4]","[2, 9, 10]"
294,40,709,"[1, 9, 10]","[10, 6, 2]"
295,88,854,"[7, 11, 9]","[3, 7, 7]"
296,69,802,"[7, 2, 8]","[10, 8, 9]"
297,78,184,"[4, 5, 11]","[8, 3, 9]"
298,37,486,"[9, 10, 1]","[1, 7, 6]"
299,48,9,"[11, 4, 9]","[2, 10, 9]"
300,50,41,"[11, 2, 2]","[8, 6, 2]"
301,81,117,"[5, 9, 3]","[1, 3, 3]"
302,60,581,"[2, 8, 4]","[3, 10, 4]"
303,64,17,"[7, 9, 4]","[6, 9, 2]"
304,96,817,"[5, 2, 4]","[9, 6, 6]"
305,40,856,"[3, 9, 11]","[10, 9, 11]"
306,58,825,"[4, 6, 7]","[10, 2, 9]"
307,72,592,"[8, 5, 11]","[7, 5, 5]"
308,71,745,"[5, 2, 11]","[11, 11, 3]"
309,56,489,"[6, 3, 8]","[11, 7, 6]"
310,53,591,"[11, 6, 1]","[2, 3, 4]"
311,13,496,"[3, 9, 4]","[1, 8, 5]"
312,39,437,"[8, 5, 2]","[2, 9, 3]"
313,58,750,"[8, 10, 11]","[7, 3, 11]"
314,42,535,"[2, 3, 3]","[9, 1, 2]"
315,57,548,"[3, 10, 5]","[5, 7, 1]"
316,89,913,"[6, 8, 11]","[5, 6, 9]"
317,74,301,"[7, 8, 10]","[6, 7, 3]"
318,17,603,"[10, 10, 11]","[10, 10, 3]"
319,98,661,"[4, 4, 9]","[2, 10, 5]"
320,25,543,"[10, 3, 11]","[11, 4, 3]"
321,47,395,"[5, 5, 5]","[6, 1, 2]"
322,67,876,"[3, 4, 1]","[3, 6, 1]"
323,83,232,"[10, 3, 10]","[8, 9, 7]"
324,95,775,"[6, 6, 7]","[5, 4, 5]"
325,6,970,"[7, 7, 9]","[4, 9, 2]"
326,68,377,"[10, 6, 3]","[9, 10, 1]"
327,6,550,"[6, 7, 4]","[3, 9, 6]"
328,39,910,"[9, 11, 7]","[7, 11, 9]"
329,12,628,"[3, 8, 10]","[2, 5, 5]"
330,34,919,"[6, 9, 4]","[8, 4, 8]"
331,19,259,"[7, 8, 5]","[3, 8, 2]"
332,95,893,"[11, 4, 4]","[11, 2, 1]"
333,20,557,"[10, 10, 9]","[5, 1, 3]"
334,33,441,"[11, 9, 3]","[7, 5, 1]"
335,59,500,"[4, 10, 1]","[8, 10, 10]"
336,94,596,"[3, 10, 11]","[10, 2, 8]"
337,84,750,"[6, 3, 6]","[5, 8, 7]"
338,92,915,"[4, 2, 8]","[2, 11, 1]"
339,95,852,"[8, 7, 11]","[11, 11, 3]"
340,98,793,"[4, 1, 6]","[1, 6, 4]"
341,38,899,"[2, 10, 7]","[5, 1, 11]"
342,47,596,"[8, 3, 5]","[9, 1, 3]"
343,31,427,"[5, 8, 5]","[10, 2, 11]"
344,49,246,"[8, 8, 4]","[5, 10, 9]"
345,33,713,"[4, 2, 10]","[5, 11, 8]"
346,21,86,"[9, 5, 11]","[5, 9, 1]"
347,26,949,"[11, 2, 1]","[4, 10, 5]"
348,4,373,"[3, 5, 10]","[7, 2, 4]"
349,17,992,"[5, 10, 7]","[2, 2, 1]"
350,64,973,"[2, 1, 2]","[4, 8, 5]"
351,49,231,"[8, 4, 5]","[9, 8, 3]"
352,39,649,"[2, 6, 3]","[3, 9, 2]"
353,68,63,"[8, 9, 2]","[7, 6, 9]"
354,24,30,"[8, 4, 11]","[4, 4, 7]"
355,16,940,"[11, 4, 11]","[1, 3, 6]"
356,98,927,"[4, 7, 2]","[4, 6, 1]"
357,61,416,"[5, 9, 8]","[4, 7, 8]"
358,39,284,"[1, 10, 7]","[5, 5, 10]"
359,54,964,"[11, 5, 2]","[8, 1, 10]"
360,9,647,"[2, 4, 5]","[3, 3, 1]"
361,77,143,"[10, 10, 6]","[6, 6, 3]"
362,66,738,"[2, 3, 2]","[2, 10, 4]"
363,2,485,"[5, 11, 1]","[5, 1, 3]"
364,5,662,"[11, 11, 7]","[7, 1, 4]"
365,78,286,"[11, 1, 5]","[3, 6, 3]"
366,32,23,"[1, 5, 5]","[5, 9, 8]"
367,11,327,"[11, 9, 7]","[7, 2, 5]"
368,41,683,"[4, 10, 6]","[10, 9, 4]"
369,70,362,"[6, 4, 6]","[7, 5, 7]"
370,49,231,"[6, 7, 4]","[7, 7, 7]"
371,97,726,"[7, 1, 4]","[1, 8, 5]"
372,85,928,"[4, 11, 5]","[9, 3, 7]"
373,95,501,"[1, 3, 10]","[1, 1, 4]"
374,100,718,"[4, 6, 4]","[5, 10, 10]"
375,99,800,"[11, 1, 6]","[7, 8, 8]"
376,26,494,"[5, 3, 3]","[5, 4, 9]"
377,29,333,"[4, 10, 6]","[3, 11, 10]"
378,90,454,"[8, 7, 5]","[2, 3, 2]"
379,5,393,"[9, 11, 5]","[10, 5, 7]"
380,76,112,"[2, 7, 4]","[11, 8, 2]"
381,4,422,"[9, 11, 5]","[9, 1, 8]"
382,84,755,"[2, 9, 11]","[2, 5, 2]"
383,94,467,"[3, 8, 11]","[11, 1, 9]"
384,35,169,"[11, 10, 10]","[10, 7, 11]"
385,49,752,"[1, 10, 3]","[4, 6, 11]"
386,5,760,"[1, 2, 1]","[5, 8, 1]"
387,91,1,"[8, 11, 2]","[6, 11, 7]"
388,84,320,"[10, 10, 11]","[5, 10, 8]"
389,21,584,"[7, 8, 5]","[4, 2, 7]"
390,65,361,"[1, 11, 11]","[7, 8, 10]"
391,51,675,"[1, 1, 4]","[11, 10, 6]"
392,15,873,"[1, 7, 2]","[9, 10, 6]"
393,14,648,"[11, 6, 3]","[5, 2, 2]"
394,89,422,"[5, 11, 8]","[5, 3, 8]"
395,42,52,"[9, 3, 10]","[2, 9, 5]"
396,8,173,"[4, 6, 8]","[10, 10, 6]"
397,40,570,"[6, 3, 11]","[4, 4, 11]"
398,75,187,"[2, 9, 9]","[5, 1, 11]"
399,81,593,"[11, 2, 1]","[1, 5, 7]"
400,40,157,"[11, 5, 10]","[6, 7, 11]"
401,43,167,"[11, 3, 11]","[2, 3, 10]"
402,97,316,"[6, 2, 1]","[1, 4, 5]"
403,10,499,"[1, 2, 5]","[9, 1, 8]"
404,72,366,"[10, 2, 7]","[8, 5, 3]"
405,68,61,"[5, 8, 1]","[5, 11, 4]"
406,87,87,"[5, 2, 5]","[8, 5, 6]"
407,75,772,"[9, 8, 10]","[6, 2, 9]"
408,27,924,"[6, 8, 7]","[6, 6, 10]"
409,74,472,"[10, 7, 1]","[8, 3, 2]"
410,74,783,"[4, 2, 1]","[1, 8, 7]"
411,99,591,"[8, 10, 10]","[4, 7, 3]"
412,33,106,"[10, 6, 5]","[10, 3, 7]"
413,36,185,"[6, 4, 2]","[2, 7, 1]"
414,21,762,"[8, 11, 7]","[10, 7, 3]"
415,29,809,"[8, 10, 2]","[7, 6, 1]"
416,52,684,"[6, 2, 7]","[7, 10, 4]"
417,27,802,"[7, 11, 8]","[7, 3, 7]"
418,62,3,"[3, 3, 5]","[7, 2, 6]"
419,45,101,"[11, 5, 3]","[4, 4, 2]"
420,53,659,"[1, 9, 8]","[3, 10, 8]"
421,79,754,"[4, 5, 2]","[7, 2, 4]"
422,99,444,"[9, 7, 8]","[6, 10, 2]"
423,79,314,"[8, 11, 7]","[1, 7, 1]"
424,8,140,"[3, 4, 11]","[11, 4, 7]"
425,25,894,"[6, 4, 3]","[5, 6, 9]"
426,34,610,"[2, 1, 2]","[9, 1, 4]"
427,5,219,"[1, 5, 7]","[5, 9, 9]"
428,5,801,"[9, 4, 1]","[6, 3, 8]"
429,73,397,"[7, 11, 9]","[1, 10, 6]"
430,64,1000,"[4, 3, 6]","[4, 6, 7]"
431,40,100,"[7, 8, 7]","[9, 6, 3]"
432,88,875,"[7, 9, 11]","[6, 4, 2]"
433,89,895,"[5, 4, 11]","[3, 9, 1]"
434,84,473,"[7, 7, 3]","[6, 7, 4]"
435,98,534,"[9, 8, 1]","[9, 4, 1]"
436,75,999,"[1, 4, 10]","[11, 4, 6]"
437,8,697,"[8, 11, 2]","[1, 3, 4]"
438,15,826,"[3, 5, 1]","[11, 1, 11]"
439,33,272,"[11, 11, 11]","[2, 6, 8]"
440,34,773,"[8, 10, 6]","[5, 8, 1]"
441,74,868,"[7, 10, 2]","[11, 9, 7]"
442,27,91,"[1, 9, 11]","[3, 8, 9]"
443,66,511,"[10, 9, 10]","[3, 10, 10]"
444,1,257,"[10, 5, 3]","[5, 10, 9]"
445,30,999,"[11, 6, 8]","[6, 9, 8]"
446,38,556,"[4, 10, 4]","[9, 7, 7]"
447,74,302,"[4, 1, 10]","[4, 5, 5]"
448,41,478,"[4, 7, 4]","[8, 2, 4]"
449,8,992,"[11, 2, 2]","[5, 10, 4]"
450,85,849,"[1, 3, 6]","[6, 8, 5]"
451,84,266,"[1, 7, 9]","[6, 10, 1]"
452,13,817,"[1, 4, 8]","[1, 7, 5]"
453,14,847,"[3, 4, 3]","[8, 2, 5]"
454,76,827,"[7, 3, 2]","[11, 7, 10]"
455,71,219,"[5, 6, 8]","[2, 10, 6]"
456,20,448,"[6, 1, 4]","[10, 9, 3]"
457,17,172,"[11, 5, 6]","[2, 2, 1]"
458,70,633,"[10, 3, 5]","[1, 11, 6]"
459,85,5,"[9, 4, 4]","[7, 7, 7]"
460,83,473,"[8, 11, 6]","[8, 5, 7]"
461,32,927,"[7, 11, 7]","[2, 7, 5]"
462,91,422,"[5, 5, 3]","[3, 4, 7]"
463,30,691,"[4, 3, 8]","[8, 1, 3]"
464,23,833,"[9, 5, 11]","[10, 6, 10]"
465,67,611,"[7, 11, 2]","[9, 9, 6]"
466,63,5,"[3, 7, 10]","[10, 3, 10]"
467,66,855,"[11, 5, 7]","[11, 3, 7]"
468,25,292,"[7, 4, 7]","[9, 10, 8]"
469,95,214,"[5, 9, 7]","[4, 9, 5]"
470,11,553,"[7, 1, 4]","[4, 7, 9]"
471,99,422,"[3, 10, 7]","[5, 5, 4]"
472,82,576,"[6, 1, 4]","[5, 11, 4]"
473,15,145,"[3, 8, 3]","[11, 7, 9]"
474,38,867,"[9, 10, 2]","[11, 7, 5]"
475,88,502,"[8, 6, 10]","[9, 1, 10]"
476,27,516,"[10, 5, 1]","[6, 8, 8]"
477,91,13,"[9, 2, 11]","[8, 8, 11]"
478,96,739,"[2, 2, 4]","[4, 3, 11]"
479,56,563,"[2, 5, 11]","[10, 1, 1]"
480,78,916,"[6, 6, 7]","[9, 10, 3]"
481,3,702,"[8, 4, 9]","[10, 6, 11]"
482,49,105,"[9, 2, 7]","[11, 4, 3]"
483,77,701,"[5, 4, 6]","[8, 11, 1]"
484,4,823,"[11, 4, 2]","[2, 10, 4]"
485,18,8,"[11, 9, 10]","[10, 1, 1]"
486,98,765,"[7, 5, 10]","[7, 1, 8]"
487,29,786,"[4, 6, 3]","[11, 7, 10]"
488,6,715,"[3, 10, 9]","[11, 1, 10]"
489,17,917,"[8, 7, 1]","[7, 8, 1]"
490,47,858,"[10, 5, 9]","[11, 6, 11]"
491,90,918,"[4, 10, 9]","[6, 6, 9]"
492,59,58,"[10, 2, 11]","[11, 2, 6]"
493,51,179,"[8, 7, 2]","[9, 1, 4]"
494,21,205,"[5, 11, 2]","[5, 8, 6]"
495,73,746,"[6, 1, 7]","[2, 6, 1]"
496,12,469,"[10, 11, 2]","[10, 2, 3]"
497,13,199,"[3, 3, 1]","[5, 3, 9]"
498,85,878,"[5, 3, 4]","[10, 2, 7]"
499,73,270,"[3, 3, 10]","[4, 4, 3]"
500,10,78,"[10, 5, 3]","[5, 10, 11]"
501,49,727,"[9, 1, 3]","[1, 10, 9]"
502,31,168,"[3, 3, 6]","[10, 4, 1]"
503,4,15,"[10, 2, 3]","[1, 9, 1]"
504,23,745,"[7, 9, 5]","[4, 3, 9]"
505,71,863,"[11, 2, 7]","[2, 6, 11]"
506,6,901,"[2, 2, 7]","[11, 10, 3]"
507,10,741,"[5, 9, 1]","[6, 2, 11]"
508,85,202,"[4, 5, 3]","[11, 10, 10]"
509,52,103,"[5, 11, 10]","[2, 8, 8]"
510,70,516,"[6, 10, 7]","[3, 2, 7]"
511,6,818,"[5, 10, 5]","[5, 7, 1]"
512,16,416,"[11, 10, 9]","[6, 5, 2]"
513,94,116,"[1, 5, 1]","[6, 6, 5]"
514,9,810,"[11, 7, 4]","[1, 8, 1]"
515,11,815,"[7, 6, 5]","[5, 1, 1]"
516,56,908,"[8, 10, 10]","[2, 11, 7]"
517,65,971,"[11, 4, 10]","[10, 7, 4]"
518,91,315,"[8, 5, 5]","[1, 5, 8]"
519,9,661,"[4, 6, 1]","[3, 2, 5]"
520,29,430,"[11, 1, 7]","[5, 5, 10]"
521,85,175,"[10, 1, 5]","[5, 11, 4]"
522,19,17,"[4, 2, 2]","[9, 9, 1]"
523,78,137,"[7, 3, 8]","[4, 10, 9]"
524,33,302,"[8, 2, 1]","[2, 10, 4]"
525,22,458,"[7, 6, 9]","[2, 9, 10]"
526,62,900,"[8, 3, 11]","[1, 9, 1]"
527,1,515,"[2, 4, 8]","[1, 9, 3]"
528,30,527,"[9, 6, 9]","[9, 11, 8]"
529,11,952,"[4, 4, 10]","[7, 1, 2]"
530,100,24,"[2, 4, 11]","[7, 1, 4]"
531,86,688,"[5, 9, 7]","[10, 4, 2]"
532,6,768,"[11, 8, 1]","[10, 9, 4]"
533,1,461,"[1, 6, 10]","[2, 3, 9]"
534,32,344,"[4, 3, 3]","[9, 10, 1]"
535,45,904,"[5, 3, 2]","[11, 2, 11]"
536,64,389,"[8, 3, 6]","[10, 9, 1]"
537,7,561,"[4, 11, 2]","[9, 8, 2]"
538,96,953,"[10, 7, 8]","[2, 1, 9]"
539,66,9,"[3, 7, 3]","[6, 4, 1]"
540,11,249,"[2, 11, 5]","[7, 9, 3]"
541,20,566,"[1, 8, 3]","[9, 8, 5]"
542,76,212,"[10, 4, 6]","[4, 1, 2]"
543,3,670,"[1, 8, 9]","[6, 11, 4]"
544,76,533,"[1, 6, 8]","[4, 9, 10]"
545,22,446,"[9, 4, 2]","[3, 1, 3]"
546,16,388,"[6, 5, 4]","[4, 3, 11]"
547,58,967,"[1, 1, 1]","[5, 8, 11]"
548,81,984,"[9, 8, 2]","[6, 2, 6]"
549,2,510,"[2, 11, 9]","[6, 4, 10]"
550,8,390,"[9, 9, 3]","[7, 7, 1]"
551,53,39,"[6, 8, 8]","[7, 4, 4]"
552,100,237,"[4, 10, 3]","[3, 8, 6]"
553,17,413,"[7, 9, 4]","[10, 10, 7]"
554,87,489,"[8, 11, 8]","[1, 4, 5]"
555,64,101,"[9, 8, 4]","[7, 5, 4]"
556,67,472,"[7, 10, 9]","[11, 1, 11]"
557,38,557,"[4, 7, 5]","[9, 10, 6]"
558,40,445,"[9, 6, 10]","[7, 2, 7]"
559,42,976,"[10, 8, 5]","[5, 8, 11]"
560,52,566,"[9, 1, 10]","[8, 7, 1]"
561,58,285,"[6, 8, 7]","[8, 9, 5]"
562,63,645,"[1, 5, 7]","[8, 9, 8]"
563,88,327,"[2, 7, 4]","[10, 7, 11]"
564,23,193,"[5, 11, 8]","[10, 9, 6]"
565,55,853,"[4, 6, 7]","[6, 1, 9]"
566,45,318,"[9, 8, 1]","[10, 7, 4]"
567,43,182,"[11, 9, 1]","[4, 11, 9]"
568,7,21,"[3, 4, 3]","[5, 4, 7]"
569,62,940,"[1, 3, 2]","[10, 2, 7]"
570,99,160,"[7, 2, 11]","[5, 11, 8]"
571,32,989,"[7, 11, 5]","[9, 11, 5]"
572,5,281,"[6, 4, 7]","[1, 7, 1]"
573,53,969,"[11, 6, 3]","[4, 2, 1]"
574,25,905,"[1, 7, 3]","[5, 7, 7]"
575,2,303,"[8, 11, 10]","[9, 4, 9]"
576,19,628,"[10, 9, 5]","[1, 9, 6]"
577,74,549,"[5, 10, 4]","[11, 6, 2]"
578,82,289,"[7, 5, 2]","[9, 1, 1]"
579,86,458,"[2, 4, 11]","[8, 5, 9]"
580,30,519,"[4, 9, 2]","[9, 10, 3]"
581,39,794,"[2, 3, 9]","[11, 7, 7]"
582,34,311,"[5, 8, 7]","[10, 6, 9]"
583,73,740,"[10, 6, 8]","[2, 6, 10]"
584,81,349,"[6, 5, 1]","[6, 4, 6]"
585,3,882,"[10, 2, 4]","[8, 7, 1]"
586,67,588,"[6, 7, 7]","[2, 8, 8]"
587,12,943,"[9, 5, 3]","[7, 7, 11]"
588,49,173,"[8, 6, 6]","[2, 9, 8]"
589,8,251,"[8, 1, 5]","[11, 8, 7]"
590,87,932,"[5, 8, 2]","[4, 2, 11]"
591,75,219,"[10, 4, 8]","[8, 3, 2]"
592,87,942,"[4, 8, 10]","[6, 1, 6]"
593,72,494,"[3, 1, 2]","[6, 7, 10]"
594,64,388,"[11, 5, 4]","[7, 2, 8]"
595,31,424,"[1, 11, 2]","[5, 4, 4]"
596,28,704,"[5, 6, 5]","[11, 4, 7]"
597,85,146,"[6, 10, 9]","[10, 1, 11]"
598,69,701,"[5, 2, 6]","[5, 8, 8]"
599,50,966,"[7, 5, 5]","[5, 5, 2]"
600,47,947,"[9, 3, 5]","[4, 6, 4]"
601,91,417,"[10, 3, 2]","[9, 11, 10]"
602,16,935,"[7, 6, 4]","[3, 10, 9]"
603,72,370,"[5, 9, 7]","[5, 9, 7]"
604,99,122,"[6, 5, 4]","[5, 5, 10]"
605,19,336,"[1, 1, 4]","[8, 7, 8]"
606,33,531,"[11, 9, 4]","[9, 3, 2]"
607,90,800,"[1, 9, 5]","[7, 6, 2]"
608,63,198,"[3, 4, 7]","[10, 2, 1]"
609,73,503,"[8, 8, 10]","[11, 7, 6]"
610,64,206,"[9, 5, 11]","[10, 3, 8]"
611,13,914,"[5, 1, 9]","[11, 5, 9]"
612,34,128,"[6, 6, 11]","[6, 1, 5]"
613,49,24,"[6, 10, 2]","[3, 1, 8]"
614,35,861,"[11, 8, 10]","[7, 11, 9]"
615,11,388,"[7, 4, 1]","[1, 9, 9]"
616,52,232,"[11, 2, 6]","[6, 8, 7]"
617,71,430,"[3, 1, 3]","[4, 4, 8]"
618,23,650,"[1, 1, 10]","[5, 3, 5]"
619,68,415,"[6, 7, 1]","[2, 9, 9]"
620,91,437,"[11, 9, 6]","[3, 1, 1]"
621,22,708,"[5, 4, 11]","[1, 4, 8]"
622,39,460,"[8, 8, 6]","[3, 8, 8]"
623,20,755,"[3, 7, 6]","[4, 11, 10]"
624,38,170,"[3, 7, 8]","[1, 4, 9]"
625,54,128,"[5, 1, 8]","[7, 3, 11]"
626,97,248,"[5, 8, 3]","[5, 9, 11]"
627,61,829,"[8, 2, 10]","[5, 8, 1]"
628,5,844,"[5, 5, 6]","[11, 2, 5]"
629,51,175,"[1, 11, 5]","[6, 11, 2]"
630,31,981,"[5, 8, 7]","[9, 6, 2]"
631,34,460,"[5, 9, 1]","[7, 10, 8]"
632,19,34,"[2, 4, 3]","[6, 10, 4]"
633,15,7,"[1, 4, 11]","[10, 2, 10]"
634,34,394,"[9, 9, 1]","[6, 4, 6]"
635,71,457,"[11, 1, 2]","[11, 7, 4]"
636,80,257,"[1, 1, 5]","[1, 4, 6]"
637,55,912,"[8, 8, 8]","[11, 4, 7]"
638,76,820,"[1, 8, 11]","[5, 1, 11]"
639,86,681,"[9, 11, 11]","[6, 5, 8]"
640,33,679,"[4, 7, 7]","[7, 9, 5]"
641,5,847,"[7, 1, 10]","[4, 6, 1]"
642,80,967,"[10, 4, 4]","[1, 6, 4]"
643,41,881,"[9, 5, 8]","[7, 9, 4]"
644,37,34,"[1, 10, 6]","[3, 8, 10]"
645,3,597,"[7, 8, 6]","[7, 9, 3]"
646,88,873,"[11, 11, 6]","[7, 5, 11]"
647,85,99,"[5, 2, 7]","[7, 5, 5]"
648,38,911,"[11, 9, 8]","[2, 8, 9]"
649,17,230,"[1, 9, 1]","[3, 7, 6]"
650,23,345,"[11, 10, 1]","[2, 10, 4]"
651,96,35,"[8, 7, 6]","[4, 8, 6]"
652,49,863,"[9, 7, 4]","[4, 8, 2]"
653,54,586,"[3, 9, 9]","[11, 10, 11]"
654,12,793,"[11, 9, 4]","[11, 7, 11]"
655,53,252,"[5, 2, 3]","[3, 11, 2]"
656,86,594,"[9, 11, 5]","[2, 8, 5]"
657,76,802,"[3, 9, 5]","[6, 4, 4]"
658,95,409,"[1, 7, 4]","[3, 1, 7]"
659,54,889,"[9, 7, 10]","[7, 8, 6]"
660,9,398,"[3, 1, 11]","[11, 1, 10]"
661,26,239,"[8, 7, 3]","[6, 4, 1]"
662,96,165,"[6, 7, 7]","[9, 8, 6]"
663,69,211,"[9, 9, 9]","[4, 2, 7]"
664,49,738,"[4, 3, 9]","[2, 10, 3]"
665,62,449,"[6, 4, 1]","[5, 8, 1]"
666,64,686,"[11, 7, 2]","[1, 11, 7]"
667,26,353,"[10, 7, 11]","[7, 2, 7]"
668,54,318,"[3, 6, 6]","[3, 11, 5]"
669,75,558,"[5, 11, 8]","[11, 9, 9]"
670,27,729,"[4, 5, 11]","[4, 6, 11]"
671,70,366,"[7, 11, 6]","[2, 11, 1]"
672,64,986,"[7, 10, 7]","[2, 4, 4]"
673,62,588,"[3, 9, 9]","[1, 6, 5]"
674,57,361,"[5, 5, 8]","[10, 2, 8]"
675,58,799,"[3, 4, 9]","[6, 2, 3]"
676,12,688,"[8, 9, 11]","[7, 10, 1]"
677,99,860,"[8, 11, 8]","[3, 6, 7]"
678,46,45,"[6, 9, 8]","[2, 7, 7]"
679,90,726,"[7, 1, 1]","[2, 1, 5]"
680,40,43,"[7, 3, 2]","[7, 6, 4]"
681,70,916,"[6, 5, 8]","[2, 1, 8]"
682,9,876,"[8, 10, 1]","[8, 10, 10]"
683,58,766,"[3, 1, 6]","[10, 8, 10]"
684,99,849,"[8, 2, 7]","[6, 8, 1]"
685,52,876,"[9, 9, 1]","[5, 9, 9]"
686,31,257,"[5, 11, 4]","[1, 4, 2]"
687,97,947,"[10, 1, 8]","[10, 11, 1]"
688,70,630,"[9, 4, 9]","[5, 5, 4]"
689,73,22,"[4, 3, 11]","[4, 11, 10]"
690,72,908,"[6, 3, 4]","[11, 8, 4]"
691,4,314,"[11, 1, 1]","[11, 7, 1]"
692,64,674,"[9, 6, 2]","[3, 11, 10]"
693,44,723,"[4, 11, 3]","[5, 8, 11]"
694,84,657,"[9, 2, 4]","[10, 1, 4]"
695,56,731,"[7, 3, 2]","[7, 8, 7]"
696,49,293,"[10, 5, 3]","[1, 7, 1]"
697,65,213,"[8, 2, 7]","[5, 1, 1]"
698,45,460,"[3, 1, 7]","[2, 9, 7]"
699,82,305,"[2, 10, 5]","[2, 8, 6]"
700,17,486,"[11, 1, 6]","[1, 5, 3]"
701,34,340,"[9, 8, 1]","[4, 7, 4]"
702,65,609,"[11, 7, 4]","[6, 6, 8]"
703,70,878,"[3, 1, 5]","[9, 2, 9]"
704,62,276,"[7, 9, 3]","[11, 3, 3]"
705,44,337,"[9, 4, 10]","[2, 2, 7]"
706,20,836,"[10, 11, 5]","[9, 5, 7]"
707,76,650,"[10, 9, 4]","[9, 7, 9]"
708,16,266,"[4, 2, 2]","[1, 1, 5]"
709,85,956,"[11, 2, 4]","[4, 2, 7]"
710,19,496,"[7, 5, 3]","[6, 11, 11]"
711,93,124,"[8, 5, 11]","[8, 11, 9]"
712,13,258,"[9, 9, 9]","[11, 8, 6]"
713,88,735,"[9, 10, 6]","[11, 5, 9]"
714,11,405,"[10, 8, 10]","[8, 9, 9]"
715,3,623,"[3, 4, 8]","[1, 1, 7]"
716,100,810,"[9, 10, 4]","[11, 9, 1]"
717,23,772,"[9, 4, 8]","[7, 8, 1]"
718,84,383,"[7, 4, 7]","[9, 6, 5]"
719,47,1000,"[10, 5, 11]","[8, 10, 7]"
720,66,919,"[4, 8, 10]","[2, 4, 5]"
721,92,64,"[9, 2, 3]","[8, 8, 2]"
722,90,152,"[7, 8, 6]","[2, 5, 10]"
723,83,428,"[8, 5, 1]","[3, 11, 6]"
724,93,974,"[8, 9, 5]","[2, 10, 1]"
725,75,48,"[9, 9, 5]","[3, 7, 2]"
726,3,717,"[6, 1, 7]","[6, 7, 11]"
727,76,452,"[3, 8, 4]","[3, 6, 7]"
728,59,204,"[7, 6, 6]","[10, 11, 3]"
729,64,824,"[5, 1, 9]","[4, 2, 9]"
730,13,870,"[9, 5, 10]","[8, 1, 5]"
731,69,291,"[7, 10, 2]","[10, 3, 5]"
732,62,264,"[2, 11, 8]","[11, 2, 11]"
733,49,897,"[10, 6, 2]","[1, 10, 1]"
734,60,775,"[1, 6, 7]","[11, 2, 6]"
735,59,832,"[7, 9, 11]","[8, 3, 5]"
736,58,29,"[5, 4, 9]","[6, 6, 9]"
737,23,525,"[1, 4, 8]","[2, 5, 10]"
738,36,22,"[3, 4, 10]","[6, 5, 3]"
739,59,647,"[9, 6, 7]","[1, 5, 9]"
740,68,930,"[7, 8, 6]","[3, 7, 2]"
741,95,150,"[11, 5, 9]","[4, 9, 11]"
742,50,63,"[11, 4, 3]","[2, 11, 6]"
743,32,474,"[3, 9, 6]","[2, 11, 6]"
744,100,48,"[7, 8, 6]","[5, 7, 6]"
745,64,840,"[5, 11, 10]","[11, 7, 6]"
746,29,109,"[2, 6, 7]","[4, 3, 8]"
747,37,78,"[2, 5, 10]","[5, 11, 4]"
748,22,637,"[7, 2, 11]","[11, 10, 11]"
749,58,764,"[9, 11, 8]","[9, 6, 6]"
750,69,670,"[9, 3, 8]","[10, 9, 2]"
751,53,159,"[2, 5, 4]","[8, 1, 6]"
752,66,557,"[6, 11, 9]","[1, 1, 5]"
753,60,727,"[2, 11, 4]","[1, 9, 8]"
754,90,253,"[2, 6, 5]","[11, 10, 3]"
755,76,735,"[3, 2, 7]","[8, 5, 11]"
756,66,646,"[1, 5, 6]","[11, 8, 3]"
757,81,699,"[7, 1, 9]","[7, 9, 1]"
758,99,572,"[6, 6, 4]","[9, 11, 8]"
759,45,704,"[1, 8, 8]","[1, 7, 4]"
760,3,753,"[6, 3, 6]","[11, 10, 11]"
761,60,733,"[11, 8, 7]","[5, 6, 9]"
762,83,607,"[7, 5, 4]","[9, 8, 3]"
763,49,836,"[4, 11, 9]","[5, 2, 9]"
764,67,971,"[3, 3, 8]","[8, 2, 3]"
765,91,39,"[2, 9, 7]","[10, 9, 7]"
766,17,367,"[10, 11, 7]","[8, 8, 2]"
767,79,653,"[7, 11, 8]","[1, 11, 7]"
768,61,333,"[5, 1, 5]","[6, 2, 5]"
769,94,90,"[4, 6, 4]","[2, 3, 4]"
770,56,163,"[2, 9, 8]","[3, 4, 2]"
771,6,595,"[7, 9, 5]","[10, 7, 9]"
772,51,641,"[6, 4, 6]","[3, 8, 10]"
773,31,558,"[7, 10, 7]","[9, 9, 10]"
774,80,624,"[11, 3, 2]","[8, 11, 2]"
775,87,697,"[1, 10, 2]","[9, 7, 10]"
776,61,23,"[7, 11, 3]","[7, 10, 8]"
777,10,561,"[9, 11, 8]","[5, 4, 6]"
778,69,282,"[2, 8, 10]","[6, 1, 7]"
779,45,995,"[6, 10, 2]","[9, 9, 10]"
780,64,816,"[3, 2, 9]","[2, 4, 11]"
781,81,2,"[4, 11, 7]","[1, 5, 5]"
782,95,768,"[5, 7, 11]","[9, 5, 9]"
783,71,850,"[10, 8, 9]","[11, 9, 2]"
784,29,8,"[1, 11, 5]","[4, 4, 9]"
785,51,311,"[8, 5, 8]","[3, 8, 1]"
786,85,582,"[5, 3, 3]","[1, 8, 7]"
787,46,770,"[10, 7, 10]","[8, 4, 3]"
788,12,425,"[3, 6, 5]","[11, 3, 7]"
789,48,994,"[5, 8, 10]","[3, 2, 11]"
790,30,476,"[1, 4, 6]","[7, 10, 11]"
791,76,574,"[8, 2, 8]","[5, 7, 4]"
792,49,166,"[1, 1, 11]","[3, 6, 7]"
793,78,808,"[6, 6, 6]","[3, 4, 9]"
794,48,673,"[11, 8, 8]","[11, 11, 10]"
795,22,970,"[3, 6, 1]","[10, 10, 6]"
796,23,790,"[10, 10, 7]","[3, 9, 9]"
797,40,708,"[11, 1, 5]","[10, 8, 4]"
798,27,925,"[1, 1, 2]","[6, 6, 2]"
799,15,152,"[11, 1, 9]","[3, 10, 1]"
800,66,604,"[1, 3, 2]","[6, 7, 1]"
801,77,568,"[5, 10, 9]","[3, 9, 10]"
802,2,794,"[3, 9, 6]","[10, 1, 11]"
803,17,452,"[10, 2, 6]","[3, 8, 11]"
804,68,859,"[9, 9, 10]","[1, 7, 2]"
805,4,474,"[3, 1, 9]","[2, 1, 7]"
806,17,606,"[1, 11, 4]","[1, 7, 8]"
807,40,795,"[1, 2, 8]","[9, 2, 4]"
808,51,350,"[10, 6, 10]","[5, 6, 8]"
809,51,264,"[9, 11, 5]","[10, 5, 1]"
810,4,101,"[3, 3, 1]","[10, 5, 10]"
811,63,249,"[9, 3, 10]","[8, 5, 11]"
812,8,949,"[5, 9, 10]","[6, 2, 9]"
813,50,804,"[7, 10, 1]","[10, 6, 8]"
814,84,743,"[8, 11, 6]","[5, 7, 9]"
815,58,121,"[4, 4, 4]","[3, 2, 5]"
816,50,72,"[5, 1, 7]","[2, 10, 10]"
817,58,548,"[3, 8, 4]","[10, 11, 9]"
818,71,277,"[6, 10, 7]","[3, 1, 4]"
819,56,354,"[5, 7, 9]","[1, 2, 8]"
820,74,844,"[3, 4, 7]","[10, 5, 10]"
821,43,164,"[11, 8, 10]","[3, 6, 5]"
822,51,674,"[2, 8, 3]","[1, 1, 8]"
823,14,785,"[7, 3, 10]","[8, 7, 5]"
824,99,203,"[1, 5, 4]","[2, 2, 3]"
825,61,922,"[10, 10, 8]","[1, 2, 6]"
826,93,468,"[6, 8, 9]","[2, 10, 3]"
827,51,739,"[10, 10, 10]","[6, 2, 4]"
828,97,436,"[9, 4, 10]","[7, 7, 4]"
829,76,594,"[5, 3, 5]","[7, 9, 3]"
830,22,965,"[3, 1, 3]","[10, 10, 6]"
831,3,345,"[1, 3, 5]","[3, 2, 11]"
832,6,788,"[7, 7, 3]","[4, 10, 3]"
833,99,448,"[11, 10, 6]","[5, 5, 4]"
834,76,270,"[10, 10, 8]","[2, 9, 6]"
835,96,13,"[6, 2, 5]","[8, 10, 3]"
836,72,250,"[4, 8, 11]","[1, 3, 2]"
837,13,532,"[2, 10, 9]","[3, 11, 3]"
838,42,364,"[4, 1, 3]","[5, 6, 3]"
839,30,489,"[3, 10, 8]","[10, 11, 7]"
840,82,960,"[10, 9, 7]","[5, 5, 8]"
841,57,842,"[9, 4, 11]","[8, 2, 10]"
842,12,993,"[7, 7, 7]","[3, 1, 4]"
843,93,339,"[10, 2, 10]","[6, 7, 11]"
844,83,555,"[6, 10, 11]","[5, 3, 8]"
845,27,497,"[1, 10, 4]","[1, 2, 9]"
846,52,420,"[3, 5, 5]","[8, 2, 5]"
847,26,760,"[9, 10, 3]","[7, 6, 4]"
848,8,151,"[1, 10, 3]","[8, 6, 1]"
849,89,701,"[7, 5, 11]","[10, 7, 2]"
850,84,157,"[5, 1, 11]","[2, 3, 11]"
851,35,556,"[7, 7, 6]","[10, 7, 6]"
852,11,903,"[8, 10, 9]","[5, 2, 8]"
853,3,144,"[10, 3, 11]","[4, 3, 10]"
854,50,276,"[8, 2, 11]","[10, 1, 6]"
855,41,245,"[11, 4, 2]","[3, 3, 9]"
856,58,665,"[11, 8, 4]","[11, 1, 9]"
857,12,233,"[6, 11, 4]","[3, 10, 10]"
858,74,72,"[5, 5, 8]","[3, 5, 3]"
859,54,20,"[10, 10, 8]","[3, 7, 11]"
860,11,567,"[4, 6, 3]","[8, 6, 3]"
861,43,417,"[8, 6, 9]","[2, 10, 3]"
862,87,751,"[11, 3, 4]","[5, 7, 6]"
863,61,226,"[3, 2, 11]","[8, 6, 2]"
864,92,831,"[1, 4, 6]","[1, 3, 2]"
865,85,989,"[5, 1, 1]","[4, 11, 8]"
866,73,562,"[1, 7, 6]","[3, 11, 11]"
867,19,634,"[7, 4, 9]","[3, 5, 7]"
868,19,189,"[6, 9, 11]","[9, 8, 6]"
869,44,283,"[8, 6, 1]","[9, 7, 11]"
870,46,761,"[2, 11, 11]","[9, 7, 11]"
871,69,990,"[9, 3, 3]","[11, 11, 1]"
872,2,639,"[4, 2, 2]","[1, 4, 5]"
873,22,96,"[4, 8, 2]","[7, 11, 5]"
874,56,855,"[10, 7, 2]","[5, 3, 9]"
875,89,451,"[8, 2, 7]","[6, 8, 4]"
876,53,148,"[9, 9, 2]","[9, 7, 7]"
877,50,323,"[8, 4, 2]","[1, 6, 8]"
878,17,120,"[9, 4, 4]","[11, 9, 3]"
879,91,269,"[3, 1, 5]","[4, 10, 10]"
880,48,521,"[6, 5, 9]","[9, 10, 8]"
881,50,756,"[3, 7, 1]","[7, 1, 10]"
882,71,198,"[6, 9, 2]","[6, 3, 10]"
883,36,844,"[8, 1, 7]","[2, 1, 1]"
884,98,424,"[7, 5, 6]","[6, 6, 1]"
885,58,136,"[7, 11, 11]","[10, 4, 10]"
886,52,239,"[10, 5, 2]","[3, 2, 1]"
887,99,627,"[9, 7, 3]","[11, 6, 6]"
888,18,102,"[9, 7, 1]","[6, 2, 11]"
889,29,52,"[10, 5, 9]","[1, 7, 11]"
890,4,310,"[9, 5, 11]","[1, 5, 9]"
891,98,900,"[6, 10, 10]","[4, 6, 7]"
892,16,851,"[6, 4, 11]","[2, 4, 9]"
893,81,681,"[1, 7, 8]","[8, 10, 4]"
894,70,229,"[11, 1, 11]","[7, 6, 3]"
895,18,239,"[4, 8, 7]","[10, 7, 2]"
896,74,439,"[9, 6, 8]","[2, 3, 9]"
897,75,628,"[8, 5, 1]","[1, 8, 9]"
898,83,474,"[8, 2, 2]","[6, 8, 1]"
899,75,363,"[9, 2, 7]","[10, 10, 2]"
900,75,171,"[11, 10, 4]","[7, 11, 10]"
901,5,203,"[2, 9, 9]","[11, 1, 8]"
902,19,321,"[4, 5, 3]","[9, 6, 11]"
903,13,346,"[9, 11, 8]","[6, 6, 7]"
904,43,414,"[1, 4, 6]","[1, 10, 2]"
905,3,236,"[7, 6, 7]","[1, 2, 2]"
906,38,952,"[6, 8, 6]","[2, 2, 9]"
907,51,139,"[11, 4, 4]","[2, 3, 5]"
908,57,36,"[3, 6, 7]","[7, 9, 11]"
909,44,174,"[5, 6, 7]","[1, 4, 11]"
910,60,825,"[1, 10, 9]","[5, 4, 10]"
911,25,117,"[5, 4, 11]","[11, 2, 2]"
912,55,171,"[7, 1, 9]","[9, 7, 6]"
913,70,950,"[8, 2, 5]","[2, 8, 5]"
914,34,234,"[1, 5, 11]","[6, 9, 5]"
915,3,908,"[4, 4, 11]","[9, 1, 9]"
916,72,252,"[1, 2, 10]","[1, 7, 5]"
917,75,154,"[2, 7, 5]","[10, 11, 3]"
918,89,47,"[7, 11, 9]","[1, 5, 5]"
919,37,428,"[4, 2, 9]","[11, 3, 5]"
920,75,582,"[8, 2, 6]","[6, 10, 5]"
921,16,53,"[7, 9, 1]","[9, 11, 9]"
922,53,525,"[7, 5, 9]","[6, 9, 7]"
923,85,655,"[6, 1, 2]","[3, 2, 9]"
924,63,338,"[9, 8, 5]","[10, 3, 2]"
925,56,83,"[4, 9, 10]","[7, 6, 5]"
926,32,972,"[10, 5, 6]","[10, 5, 3]"
927,75,303,"[2, 5, 7]","[10, 6, 4]"
928,89,635,"[4, 8, 9]","[8, 7, 2]"
929,67,943,"[4, 1, 6]","[8, 1, 8]"
930,96,242,"[7, 10, 1]","[8, 11, 1]"
931,95,768,"[2, 7, 1]","[6, 5, 5]"
932,26,659,"[1, 6, 4]","[4, 5, 6]"
933,43,270,"[4, 3, 1]","[7, 6, 11]"
934,90,948,"[11, 7, 5]","[11, 9, 7]"
935,4,945,"[5, 2, 2]","[1, 2, 5]"
936,41,582,"[4, 4, 5]","[11, 1, 6]"
937,8,873,"[2, 2, 7]","[4, 10, 4]"
938,97,35,"[11, 1, 8]","[10, 11, 9]"
939,7,29,"[4, 9, 1]","[8, 4, 5]"
940,94,421,"[2, 8, 4]","[9, 1, 8]"
941,11,318,"[3, 9, 11]","[2, 9, 2]"
942,21,868,"[4, 10, 11]","[5, 5, 6]"
943,31,151,"[4, 8, 8]","[2, 10, 9]"
944,88,268,"[10, 5, 9]","[1, 1, 11]"
945,51,945,"[5, 9, 7]","[4, 7, 2]"
946,46,871,"[11, 8, 1]","[9, 11, 4]"
947,73,283,"[11, 4, 2]","[4, 7, 2]"
948,29,151,"[11, 2, 3]","[9, 11, 9]"
949,34,123,"[3, 2, 3]","[7, 5, 8]"
950,63,624,"[1, 5, 4]","[11, 7, 6]"
951,94,945,"[11, 6, 5]","[10, 10, 9]"
952,96,354,"[11, 6, 10]","[5, 6, 1]"
953,19,263,"[11, 8, 4]","[1, 11, 5]"
954,49,292,"[1, 10, 8]","[9, 6, 5]"
955,100,842,"[7, 9, 2]","[7, 9, 4]"
956,73,717,"[10, 9, 5]","[8, 7, 2]"
957,28,817,"[3, 9, 3]","[10, 11, 6]"
958,96,624,"[10, 7, 10]","[8, 1, 9]"
959,15,758,"[11, 11, 6]","[9, 11, 9]"
960,42,31,"[9, 2, 9]","[2, 9, 8]"
961,98,285,"[11, 6, 5]","[10, 5, 1]"
962,78,262,"[11, 4, 3]","[9, 1, 7]"
963,80,318,"[1, 9, 6]","[1, 11, 4]"
964,88,883,"[1, 8, 5]","[9, 7, 6]"
965,17,180,"[7, 9, 2]","[6, 6, 3]"
966,75,539,"[7, 4, 6]","[9, 5, 6]"
967,30,540,"[8, 6, 4]","[9, 6, 8]"
968,90,379,"[3, 6, 2]","[6, 10, 9]"
969,18,137,"[5, 6, 2]","[9, 4, 4]"
970,31,682,"[4, 2, 4]","[8, 11, 1]"
971,63,391,"[8, 9, 3]","[2, 11, 1]"
972,72,853,"[7, 1, 5]","[5, 9, 11]"
973,54,408,"[1, 7, 9]","[5, 10, 11]"
974,23,856,"[4, 1, 3]","[5, 5, 6]"
975,84,994,"[7, 11, 6]","[1, 4, 5]"
976,92,259,"[6, 5, 11]","[2, 8, 11]"
977,14,499,"[6, 4, 7]","[1, 9, 9]"
978,69,254,"[2, 11, 9]","[6, 5, 4]"
979,54,249,"[9, 11, 1]","[7, 11, 3]"
980,6,829,"[10, 5, 1]","[10, 8, 10]"
981,37,746,"[7, 8, 4]","[5, 9, 4]"
982,78,577,"[1, 9, 11]","[3, 8, 6]"
983,67,827,"[5, 7, 8]","[7, 7, 4]"
984,75,381,"[11, 5, 8]","[3, 3, 6]"
985,11,126,"[8, 7, 2]","[3, 2, 3]"
986,56,41,"[3, 3, 9]","[7, 2, 4]"
987,15,244,"[5, 3, 11]","[4, 11, 5]"
988,87,52,"[10, 3, 2]","[2, 9, 10]"
989,99,428,"[2, 6, 3]","[2, 9, 5]"
990,27,953,"[6, 6, 9]","[1, 4, 7]"
991,32,926,"[1, 7, 5]","[7, 7, 7]"
992,98,1,"[5, 1, 2]","[4, 1, 6]"
993,45,969,"[10, 3, 1]","[1, 6, 9]"
994,8,687,"[8, 10, 2]","[4, 7, 5]"
995,40,310,"[10, 2, 4]","[10, 7, 8]"
996,21,606,"[1, 8, 8]","[5, 1, 3]"
997,34,520,"[4, 8, 5]","[10, 4, 5]"
998,16,789,"[2, 10, 5]","[3, 8, 7]"
999,58,89,"[10, 1, 10]","[1, 11, 5]"
